label	sha256
01-home	71b32414866749ba8ada94ecf805c7ea2b06ce8017b7c46f9e160cb710950288
02-onboarding-welcome	1db730f99ea139abe823251606c5de69980f364de03757c43ee33d69c653eca7
03-onboarding-profile	0754eb0f46118e2ebfe17d3ed0d050cf7232f6840aa4dae29d2b353e3c4f676e
04-onboarding-network	563927804868ca4e6a58fee2de07b1aea014edcf6a1e209bd80426bf5a5bd070
05-onboarding-conditions	f40ce067e74c469b528542735050c1f22ed3085e31b238b738aaa923f4c3c75f
06-chat-list-existing	934c14d552da67395cf92d645532f9c446211a69ba8656531bc0205e368cc730
07-conversation-preview	4f05bfa7abb1a96c30d8519189d31bc2252d8f922e2892cec0331878c62a6547
08-conversation-details	203a8e665e8fdb631bdf4c5ae77bcf2374d3e8ac6c1d7c2477ca95c065aafc1c
09-identity-center	eb1cca6c9cf4b30dc9a66211334f0f0672de96c630f895269328c653100af60f
10-add-friend	4c05f168163c9d340162a34cbf8baccfa5d5d4e7ce2dca7d5752c988a58b3cff
11-join-group	0e9f5d474caba6e99d97536755ee3e9c69aa5ef336028741826acce0eb297bcd
12-public-contact	8cf7c605387aa13b670532e94d843bc98a38770abcdbd962f7d446c40eb1f48e
13-settings	36686f0dd7eaa97e630c23ba7adec74e3b91e41c399a36a2b86f4653bf4c6220
14-contacts	e69f75b0940d7881cb7ee1ef4323f1ca4e38cc2f3e7ffd81003210c22b7a2265
